{
  "pizzas": [
    {
      "name": "Margarita",
      "sizes": {
        "unique": 10.50
      },
      "toppings": ["mozzarella", "olives", "origan", "base tomate"]
    },
    {
      "name": "Reine",
      "sizes": {
        "unique": 13.00
      },
      "toppings": ["mozzarella", "jambon blanc", "champignons", "olives", "base tomate"]
    },
    {
      "name": "4 fromages",
      "sizes": {
        "unique": 14.50
      },
      "toppings": ["mozzarella", "roquefort", "bleu", "chèvre", "origan", "base tomate"]
    },
    {
      "name": "Chèvre miel",
      "sizes": {
        "unique": 13.50
      },
      "toppings": ["mozzarella", "chèvre", "miel", "origan", "base tomate"]
    },
    {
      "name": "Chorizo",
      "sizes": {
        "unique": 13.50
      },
      "toppings": ["mozzarella", "chorizo", "poivrons", "olives", "origan", "base tomate"]
    },
    {
      "name": "Landaise",
      "sizes": {
        "unique": 14.00
      },
      "toppings": ["mozzarella", "magret de canard", "poivrons", "olives", "origan", "base tomate"]
    },
    {
      "name": "Baba",
      "sizes": {
        "unique": 14.00
      },
      "toppings": ["mozzarella", "jambon de Bayonne", "poivrons", "guindillas", "olives", "origan", "base tomate"]
    },
    {
      "name": "Euskadi",
      "sizes": {
        "unique": 14.50
      },
      "toppings": ["mozzarella", "boeuf haché", "poivrons", "piment", "tomates confites", "olives", "base tomate"]
    },
    {
      "name": "Burrata",
      "sizes": {
        "unique": 16.00
      },
      "toppings": ["mozzarella", "merguez", "pignons de pin", "pestou", "burrata", "olives", "origan", "base tomate"]
    },
    {
      "name": "Serrano",
      "sizes": {
        "unique": 16.00
      },
      "toppings": ["mozzarella", "serrano", "tomates confites", "burrata", "pesto", "origan", "olives", "base tomate"]
    },
    {
      "name": "Raclette",
      "sizes": {
        "unique": 14.50
      },
      "toppings": ["mozzarella", "raclette", "lardons", "œuf", "pomme de terre grenailles", "origan", "base crème"]
    },
    {
      "name": "Calzone",
      "sizes": {
        "unique": 13.50
      },
      "toppings": ["mozzarella", "jambon blanc", "champignons", "oeuf", "origan", "base tomate"]
    },
    {
      "name": "Carnivore",
      "sizes": {
        "unique": 16.00
      },
      "toppings": ["mozzarella", "lardons", "boeuf haché", "chorizo", "magret de canard", "jambon de bayonne", "olives", "origan", "base tomate"]
    },
    {
      "name": "Veggie",
      "sizes": {
        "unique": 14.50
      },
      "toppings": ["mozzarella", "champignons", "poivrons", "roquette", "tomates confites", "olives", "origan", "base tomate"]
    },
    {
      "name": "Saumon",
      "sizes": {
        "unique": 15.00
      },
      "toppings": ["mozzarella", "saumon", "câpres", "ciboulette", "crème fraiche", "origan", "base crème"]
    },
    {
      "name": "Anchois",
      "sizes": {
        "unique": 13.50
      },
      "toppings": ["mozzarella", "anchois", "câpres", "olives", "origan", "base tomate"]
    }
  ],
  "burgers": [
    {
      "name": "Le cheese",
      "sizes": {
        "unique": 13.00
      },
      "toppings": ["steak", "cheddar", "tomates confites", "oignons", "sauce maison"]
    },
    {
      "name": "Bartholome",
      "sizes": {
        "unique": 15.00
      },
      "toppings": ["steak", "raclette", "poitrine de porc", "oignons", "sauce barbecue"]
    },
    {
      "name": "Big ky",
      "sizes": {
        "unique": 14.00
      },
      "toppings": ["steak", "tomme de savoie", "tomates confites", "sauce maison"]
    },
    {
      "name": "Baskibuzz",
      "sizes": {
        "unique": 14.00
      },
      "toppings": ["steak", "ardi gasna", "piquillos", "piments", "sauce maison"]
    },
    {
      "name": "Pollo loco",
      "sizes": {
        "unique": 13.50
      },
      "toppings": ["poulet", "cheddar", "poivrons", "estragon", "sauce maison"]
    },
    {
      "name": "Vege",
      "sizes": {
        "unique": 13.00
      },
      "toppings": ["mozzarella", "oignons", "poivrons", "tomates confites", "pomme de terre", "roquette", "sauce maison"]
    },
    {
      "name": "Poupy",
      "sizes": {
        "unique": 15.00
      },
      "toppings": ["steak", "chèvre", "jambon de bayonne", "miel", "sauce maison"]
    }
  ],
  "salads": [
    {
      "name": "Salade baraski",
      "sizes": {
        "unique": 13.50
      },
      "toppings": ["roquette", "artichauts", "courgette", "aubergines", "olives", "pignons de pins", "tomates confites", "tomates cerises", "burrata", "pesto", "ciboulette", "grissini"]
    },
    {
      "name": "Salade bidartar",
      "sizes": {
        "unique": 15.00
      },
      "toppings": ["roquette", "chèvre", "burrata", "magret de canard", "jambon de Bayonne", "chorizo", "tomates confites", "pesto", "ciboulette", "grissini"]
    }
  ],
  "lasagna": [
    {
      "name": "Lasagnes maison",
      "sizes": {
        "unique": 14.00
      },
      "toppings": ["bœuf haché", "sauce tomate", "pecorino", "roquette", "tomates"]
    }
  ],
  "desserts": [
    {
      "name": "Tiramisu",
      "sizes": {
        "unique": 4.50
      },
      "toppings": []
    },
    {
      "name": "Panna cotta",
      "sizes": {
        "unique": 4.50
      },
      "toppings": []
    },
    {
      "name": "Cheesecake",
      "sizes": {
        "unique": 4.50
      },
      "toppings": []
    },
    {
      "name": "Mousse chocolat",
      "sizes": {
        "unique": 4.50
      },
      "toppings": []
    }
  ]
}
